-- MySQL dump 10.11
--
-- Host: localhost    Database: ngtv2_actived
-- ------------------------------------------------------
-- Server version	5.0.92-50-log

/*!40101 SET @OLD_CHARACTER_SET_CLIENT=@@CHARACTER_SET_CLIENT */;
/*!40101 SET @OLD_CHARACTER_SET_RESULTS=@@CHARACTER_SET_RESULTS */;
/*!40101 SET @OLD_COLLATION_CONNECTION=@@COLLATION_CONNECTION */;
/*!40101 SET NAMES utf8 */;
/*!40103 SET @OLD_TIME_ZONE=@@TIME_ZONE */;
/*!40103 SET TIME_ZONE='+00:00' */;
/*!40014 SET @OLD_UNIQUE_CHECKS=@@UNIQUE_CHECKS, UNIQUE_CHECKS=0 */;
/*!40014 SET @OLD_FOREIGN_KEY_CHECKS=@@FOREIGN_KEY_CHECKS, FOREIGN_KEY_CHECKS=0 */;
/*!40101 SET @OLD_SQL_MODE=@@SQL_MODE, SQL_MODE='NO_AUTO_VALUE_ON_ZERO' */;
/*!40111 SET @OLD_SQL_NOTES=@@SQL_NOTES, SQL_NOTES=0 */;

--
-- Table structure for table `images`
--

DROP TABLE IF EXISTS `images`;
/*!40101 SET @saved_cs_client     = @@character_set_client */;
/*!40101 SET character_set_client = utf8 */;
CREATE TABLE `images` (
  `id` int(11) NOT NULL auto_increment,
  `project_id` int(11) default NULL,
  `caption` varchar(100) default NULL,
  `created_at` datetime default NULL,
  `updated_at` datetime default NULL,
  `proj_photo_file_name` varchar(255) default NULL,
  `proj_photo_content_type` varchar(255) default NULL,
  `proj_photo_file_size` int(11) default NULL,
  `proj_photo_updated_at` datetime default NULL,
  `carimage` varchar(255) default NULL,
  `position` int(11) default NULL,
  PRIMARY KEY  (`id`),
  KEY `index_images_on_project_id` (`project_id`)
) ENGINE=InnoDB AUTO_INCREMENT=608 DEFAULT CHARSET=utf8;
/*!40101 SET character_set_client = @saved_cs_client */;

--
-- Dumping data for table `images`
--

LOCK TABLES `images` WRITE;
/*!40000 ALTER TABLE `images` DISABLE KEYS */;
INSERT INTO `images` VALUES (2,NULL,NULL,'2011-12-05 19:59:13','2011-12-05 19:59:13',NULL,NULL,NULL,NULL,NULL,NULL),(3,NULL,NULL,'2011-12-05 19:59:17','2011-12-05 19:59:17',NULL,NULL,NULL,NULL,NULL,NULL),(4,NULL,NULL,'2011-12-05 20:00:36','2011-12-05 20:00:36',NULL,NULL,NULL,NULL,NULL,NULL),(30,3,NULL,'2011-12-05 20:42:15','2011-12-05 20:42:15',NULL,NULL,NULL,NULL,'d722596c5d5d9a50b6a5bdd57258bd30f5679bea.jpeg',NULL),(31,3,NULL,'2011-12-05 20:42:16','2011-12-05 20:42:16',NULL,NULL,NULL,NULL,'better_mistakes.jpeg',NULL),(32,3,NULL,'2011-12-05 20:42:18','2011-12-05 20:42:18',NULL,NULL,NULL,NULL,'tumblr_l9maqu4bmY1qzn34eo1_500.jpeg',NULL),(33,3,NULL,'2011-12-05 20:42:18','2011-12-05 20:42:18',NULL,NULL,NULL,NULL,'11bb0ce39c320a1e9266353c253f061c9c229740.jpeg',NULL),(34,3,NULL,'2011-12-05 20:42:19','2011-12-05 20:42:19',NULL,NULL,NULL,NULL,'tumblr_lie6bqDoS21qh2g2ro1_500.jpeg',NULL),(35,3,NULL,'2011-12-05 20:42:19','2011-12-05 20:42:19',NULL,NULL,NULL,NULL,'217655_1920066292024_1553056560_2056419_3990564_n.jpeg',NULL),(36,3,NULL,'2011-12-05 20:42:22','2011-12-05 20:42:22',NULL,NULL,NULL,NULL,'tumblr_l98nx8GwMY1qcmlpfo1_500.png',NULL),(37,3,NULL,'2011-12-05 20:42:23','2011-12-05 20:42:23',NULL,NULL,NULL,NULL,'NudeStudy5.jpeg',NULL),(38,3,NULL,'2011-12-05 20:42:24','2011-12-05 20:42:24',NULL,NULL,NULL,NULL,'tumblr_ll7lfkqGhW1qd542r.jpeg',NULL),(39,3,NULL,'2011-12-05 20:42:27','2011-12-05 20:42:27',NULL,NULL,NULL,NULL,'sayi30.jpeg',NULL),(40,3,NULL,'2011-12-05 20:42:27','2011-12-05 20:42:27',NULL,NULL,NULL,NULL,'monster.jpeg',NULL),(41,3,NULL,'2011-12-05 20:42:27','2011-12-05 20:42:27',NULL,NULL,NULL,NULL,'OHSHITSON____1217751596.jpeg',NULL),(42,3,NULL,'2011-12-05 20:42:27','2011-12-05 20:42:27',NULL,NULL,NULL,NULL,'ngtv-channel46-upclose.jpg',NULL),(43,3,NULL,'2011-12-05 20:42:28','2011-12-05 20:42:28',NULL,NULL,NULL,NULL,'toko-typeface-2.jpeg',NULL),(44,3,NULL,'2011-12-05 20:42:28','2011-12-05 20:42:28',NULL,NULL,NULL,NULL,'sailing.png',NULL),(45,3,NULL,'2011-12-05 20:45:02','2011-12-05 20:45:02',NULL,NULL,NULL,NULL,'1268227091-1.jpeg',NULL),(46,3,NULL,'2011-12-05 20:45:04','2011-12-05 20:45:04',NULL,NULL,NULL,NULL,'scook_201_0.jpeg',NULL),(47,3,NULL,'2011-12-05 20:45:06','2011-12-05 20:45:06',NULL,NULL,NULL,NULL,'74-germany-40.jpeg',NULL),(48,3,NULL,'2011-12-05 20:45:10','2011-12-05 20:45:10',NULL,NULL,NULL,NULL,'21MikeDornseifBIG.jpeg',NULL),(49,3,NULL,'2011-12-05 20:45:12','2011-12-05 20:45:12',NULL,NULL,NULL,NULL,'tumblr_lpvvsacIAr1qbl3i2o1_r1_500.gif',NULL),(50,3,NULL,'2011-12-05 20:45:13','2011-12-05 20:45:13',NULL,NULL,NULL,NULL,'70-newzealandbutterfly1.jpeg',NULL),(51,3,NULL,'2011-12-05 20:46:23','2011-12-05 20:46:23',NULL,NULL,NULL,NULL,'emerald-city-comicon-20100309-084835.jpeg',NULL),(52,3,NULL,'2011-12-05 20:46:23','2011-12-05 20:46:23',NULL,NULL,NULL,NULL,'4904829122_536ecf82d5_z.jpeg',NULL),(53,3,NULL,'2011-12-05 20:46:24','2011-12-05 20:46:24',NULL,NULL,NULL,NULL,'3color_image_triptych.gif',NULL),(65,NULL,NULL,'2011-12-05 21:04:44','2011-12-05 21:04:44',NULL,NULL,NULL,NULL,NULL,NULL),(68,NULL,NULL,'2011-12-05 21:06:57','2011-12-05 21:06:57',NULL,NULL,NULL,NULL,NULL,NULL),(69,NULL,NULL,'2011-12-05 21:07:00','2011-12-05 21:07:00',NULL,NULL,NULL,NULL,NULL,NULL),(73,NULL,NULL,'2011-12-05 21:51:19','2011-12-05 21:51:19',NULL,NULL,NULL,NULL,NULL,NULL),(74,NULL,NULL,'2011-12-05 21:52:14','2011-12-05 21:52:14',NULL,NULL,NULL,NULL,NULL,NULL),(75,NULL,NULL,'2011-12-05 21:54:37','2011-12-05 21:54:37',NULL,NULL,NULL,NULL,NULL,NULL),(76,NULL,NULL,'2011-12-05 21:55:32','2011-12-05 21:55:32',NULL,NULL,NULL,NULL,NULL,NULL),(78,NULL,NULL,'2011-12-05 21:57:27','2011-12-05 21:57:27',NULL,NULL,NULL,NULL,NULL,NULL),(79,NULL,NULL,'2011-12-05 22:02:36','2011-12-05 22:02:36',NULL,NULL,NULL,NULL,NULL,NULL),(80,NULL,NULL,'2011-12-05 22:02:42','2011-12-05 22:02:42',NULL,NULL,NULL,NULL,NULL,NULL),(81,NULL,NULL,'2011-12-05 22:02:58','2011-12-05 22:02:58',NULL,NULL,NULL,NULL,NULL,NULL),(82,NULL,NULL,'2011-12-05 22:03:03','2011-12-05 22:03:03',NULL,NULL,NULL,NULL,NULL,NULL),(83,NULL,NULL,'2011-12-05 22:03:15','2011-12-05 22:03:15',NULL,NULL,NULL,NULL,NULL,NULL),(84,NULL,NULL,'2011-12-05 22:03:18','2011-12-05 22:03:18',NULL,NULL,NULL,NULL,NULL,NULL),(85,NULL,NULL,'2011-12-05 22:03:21','2011-12-05 22:03:21',NULL,NULL,NULL,NULL,NULL,NULL),(86,NULL,NULL,'2011-12-05 22:03:26','2011-12-05 22:03:26',NULL,NULL,NULL,NULL,NULL,NULL),(87,NULL,NULL,'2011-12-05 22:03:28','2011-12-05 22:03:28',NULL,NULL,NULL,NULL,NULL,NULL),(88,NULL,NULL,'2011-12-05 22:03:31','2011-12-05 22:03:31',NULL,NULL,NULL,NULL,NULL,NULL),(89,NULL,NULL,'2011-12-05 22:03:33','2011-12-05 22:03:33',NULL,NULL,NULL,NULL,NULL,NULL),(90,NULL,NULL,'2011-12-05 22:03:37','2011-12-05 22:03:37',NULL,NULL,NULL,NULL,NULL,NULL),(91,NULL,NULL,'2011-12-05 22:03:57','2011-12-05 22:03:57',NULL,NULL,NULL,NULL,NULL,NULL),(92,NULL,NULL,'2011-12-05 22:05:32','2011-12-05 22:05:32',NULL,NULL,NULL,NULL,NULL,NULL),(93,NULL,NULL,'2011-12-05 22:11:42','2011-12-05 22:11:42',NULL,NULL,NULL,NULL,NULL,NULL),(94,NULL,NULL,'2011-12-05 22:12:36','2011-12-05 22:12:36',NULL,NULL,NULL,NULL,NULL,NULL),(95,NULL,NULL,'2011-12-05 22:12:55','2011-12-05 22:12:55',NULL,NULL,NULL,NULL,NULL,NULL),(96,NULL,NULL,'2011-12-05 22:23:35','2011-12-05 22:23:35',NULL,NULL,NULL,NULL,NULL,NULL),(97,NULL,NULL,'2011-12-05 22:23:39','2011-12-05 22:23:39',NULL,NULL,NULL,NULL,NULL,NULL),(99,NULL,NULL,'2011-12-05 22:23:53','2011-12-05 22:23:53',NULL,NULL,NULL,NULL,NULL,NULL),(100,NULL,NULL,'2011-12-05 22:23:58','2011-12-05 22:23:58',NULL,NULL,NULL,NULL,NULL,NULL),(101,NULL,NULL,'2011-12-05 22:25:07','2011-12-05 22:25:07',NULL,NULL,NULL,NULL,NULL,NULL),(103,NULL,NULL,'2011-12-05 22:53:15','2011-12-05 22:53:15',NULL,NULL,NULL,NULL,NULL,NULL),(104,NULL,NULL,'2011-12-05 22:53:22','2011-12-05 22:53:22',NULL,NULL,NULL,NULL,NULL,NULL),(105,NULL,NULL,'2011-12-05 22:53:28','2011-12-05 22:53:28',NULL,NULL,NULL,NULL,NULL,NULL),(106,NULL,NULL,'2011-12-05 23:12:53','2011-12-05 23:12:53',NULL,NULL,NULL,NULL,NULL,NULL),(107,NULL,NULL,'2011-12-05 23:17:35','2011-12-05 23:17:35',NULL,NULL,NULL,NULL,NULL,NULL),(108,NULL,NULL,'2011-12-05 23:27:14','2011-12-05 23:27:14',NULL,NULL,NULL,NULL,NULL,NULL),(110,NULL,NULL,'2011-12-05 23:27:51','2011-12-05 23:27:51',NULL,NULL,NULL,NULL,NULL,NULL),(111,NULL,NULL,'2011-12-05 23:28:05','2011-12-05 23:28:05',NULL,NULL,NULL,NULL,NULL,NULL),(112,NULL,NULL,'2011-12-05 23:28:19','2011-12-05 23:28:19',NULL,NULL,NULL,NULL,NULL,NULL),(114,NULL,NULL,'2011-12-05 23:28:22','2011-12-05 23:28:22',NULL,NULL,NULL,NULL,NULL,NULL),(115,NULL,NULL,'2011-12-05 23:28:30','2011-12-05 23:28:30',NULL,NULL,NULL,NULL,NULL,NULL),(117,NULL,NULL,'2011-12-05 23:28:36','2011-12-05 23:28:36',NULL,NULL,NULL,NULL,NULL,NULL),(118,NULL,NULL,'2011-12-05 23:28:50','2011-12-05 23:28:50',NULL,NULL,NULL,NULL,NULL,NULL),(119,6,NULL,'2011-12-05 23:29:04','2011-12-05 23:29:04',NULL,NULL,NULL,NULL,'081db954782b415eb2991c8a21ae0cbb_7.jpeg',NULL),(120,6,NULL,'2011-12-05 23:29:10','2011-12-05 23:29:10',NULL,NULL,NULL,NULL,'492c36663376a7e6b535da55bff9c47e33aaa75f.gif',NULL),(121,6,NULL,'2011-12-05 23:29:10','2011-12-05 23:29:10',NULL,NULL,NULL,NULL,'tumblr_lgl90nLJcE1qztam9o1_400.gif',NULL),(122,NULL,NULL,'2011-12-05 23:29:13','2011-12-05 23:29:13',NULL,NULL,NULL,NULL,NULL,NULL),(123,NULL,NULL,'2011-12-05 23:29:24','2011-12-05 23:29:24',NULL,NULL,NULL,NULL,NULL,NULL),(124,NULL,NULL,'2011-12-05 23:29:26','2011-12-05 23:29:26',NULL,NULL,NULL,NULL,NULL,NULL),(125,NULL,NULL,'2011-12-05 23:35:03','2011-12-05 23:35:03',NULL,NULL,NULL,NULL,NULL,NULL),(126,NULL,NULL,'2011-12-05 23:35:11','2011-12-05 23:35:11',NULL,NULL,NULL,NULL,NULL,NULL),(127,NULL,NULL,'2011-12-05 23:35:15','2011-12-05 23:35:15',NULL,NULL,NULL,NULL,NULL,NULL),(128,NULL,NULL,'2011-12-05 23:35:18','2011-12-05 23:35:18',NULL,NULL,NULL,NULL,NULL,NULL),(129,NULL,NULL,'2011-12-05 23:35:20','2011-12-05 23:35:20',NULL,NULL,NULL,NULL,NULL,NULL),(130,NULL,NULL,'2011-12-05 23:35:23','2011-12-05 23:35:23',NULL,NULL,NULL,NULL,NULL,NULL),(131,NULL,NULL,'2011-12-05 23:35:27','2011-12-05 23:35:27',NULL,NULL,NULL,NULL,NULL,NULL),(132,NULL,NULL,'2011-12-05 23:35:29','2011-12-05 23:35:29',NULL,NULL,NULL,NULL,NULL,NULL),(133,NULL,NULL,'2011-12-05 23:35:37','2011-12-05 23:35:37',NULL,NULL,NULL,NULL,NULL,NULL),(134,NULL,NULL,'2011-12-05 23:35:43','2011-12-05 23:35:43',NULL,NULL,NULL,NULL,NULL,NULL),(135,NULL,NULL,'2011-12-05 23:36:00','2011-12-05 23:36:00',NULL,NULL,NULL,NULL,NULL,NULL),(136,NULL,NULL,'2011-12-05 23:36:05','2011-12-05 23:36:05',NULL,NULL,NULL,NULL,NULL,NULL),(137,NULL,NULL,'2011-12-05 23:48:55','2011-12-05 23:48:55',NULL,NULL,NULL,NULL,NULL,NULL),(138,NULL,NULL,'2011-12-06 03:51:00','2011-12-06 03:51:00',NULL,NULL,NULL,NULL,NULL,NULL),(139,7,NULL,'2011-12-06 03:51:39','2011-12-06 03:51:39',NULL,NULL,NULL,NULL,'081db954782b415eb2991c8a21ae0cbb_7.jpeg',NULL),(140,7,NULL,'2011-12-06 03:51:40','2011-12-06 03:51:40',NULL,NULL,NULL,NULL,'82.jpeg',NULL),(141,7,NULL,'2011-12-06 03:51:41','2011-12-06 03:51:41',NULL,NULL,NULL,NULL,'70-newzealandbutterfly1.jpeg',NULL),(142,7,NULL,'2011-12-06 03:51:42','2011-12-06 03:51:42',NULL,NULL,NULL,NULL,'32.jpeg',NULL),(143,7,NULL,'2011-12-06 03:51:43','2011-12-06 03:51:43',NULL,NULL,NULL,NULL,'217655_1920066292024_1553056560_2056419_3990564_n.jpeg',NULL),(144,7,NULL,'2011-12-06 03:51:43','2011-12-06 03:51:43',NULL,NULL,NULL,NULL,'21MikeDornseifBIG.jpeg',NULL),(145,7,NULL,'2011-12-06 03:51:44','2011-12-06 03:51:44',NULL,NULL,NULL,NULL,'182.jpeg',NULL),(146,7,NULL,'2011-12-06 03:51:44','2011-12-06 03:51:44',NULL,NULL,NULL,NULL,'74-germany-40.jpeg',NULL),(147,7,NULL,'2011-12-06 03:51:45','2011-12-06 03:51:45',NULL,NULL,NULL,NULL,'1268227091-1.jpeg',NULL),(148,7,NULL,'2011-12-06 03:51:48','2011-12-06 03:51:48',NULL,NULL,NULL,NULL,'492c36663376a7e6b535da55bff9c47e33aaa75f.gif',NULL),(149,NULL,NULL,'2011-12-06 03:51:57','2011-12-06 03:51:57',NULL,NULL,NULL,NULL,NULL,NULL),(150,NULL,NULL,'2011-12-06 05:21:07','2011-12-06 05:21:07',NULL,NULL,NULL,NULL,NULL,NULL),(151,NULL,NULL,'2011-12-06 08:10:27','2011-12-06 08:10:27',NULL,NULL,NULL,NULL,NULL,NULL),(152,NULL,NULL,'2011-12-06 08:28:35','2011-12-06 08:28:35',NULL,NULL,NULL,NULL,NULL,NULL),(153,NULL,NULL,'2011-12-06 16:12:09','2011-12-06 16:12:09',NULL,NULL,NULL,NULL,NULL,NULL),(155,NULL,NULL,'2011-12-06 16:12:28','2011-12-06 16:12:28',NULL,NULL,NULL,NULL,NULL,NULL),(156,NULL,NULL,'2011-12-06 16:12:32','2011-12-06 16:12:32',NULL,NULL,NULL,NULL,NULL,NULL),(157,NULL,NULL,'2011-12-06 16:12:35','2011-12-06 16:12:35',NULL,NULL,NULL,NULL,NULL,NULL),(158,NULL,NULL,'2011-12-06 16:20:13','2011-12-06 16:20:13',NULL,NULL,NULL,NULL,NULL,NULL),(159,NULL,NULL,'2011-12-06 16:29:05','2011-12-06 16:29:05',NULL,NULL,NULL,NULL,NULL,NULL),(160,NULL,NULL,'2011-12-06 16:29:42','2011-12-06 16:29:42',NULL,NULL,NULL,NULL,NULL,NULL),(161,NULL,NULL,'2011-12-06 16:38:07','2011-12-06 16:38:07',NULL,NULL,NULL,NULL,NULL,NULL),(181,9,NULL,'2011-12-06 18:02:47','2011-12-06 18:02:47',NULL,NULL,NULL,NULL,'28-04-11Untitled-4-1.jpg',NULL),(182,9,NULL,'2011-12-06 18:02:47','2011-12-06 18:02:47',NULL,NULL,NULL,NULL,'28-04-11Untitled-3-1.jpg',NULL),(183,9,NULL,'2011-12-06 18:02:48','2011-12-06 18:02:48',NULL,NULL,NULL,NULL,'28-04-11incognit_1.jpg',NULL),(184,9,NULL,'2011-12-06 18:02:48','2011-12-06 18:02:48',NULL,NULL,NULL,NULL,'28-04-11Untitled-3.jpg',NULL),(185,9,NULL,'2011-12-06 18:02:48','2011-12-06 18:02:48',NULL,NULL,NULL,NULL,'28-04-11Untitled-2.jpg',NULL),(186,9,NULL,'2011-12-06 18:02:48','2011-12-06 18:02:48',NULL,NULL,NULL,NULL,'28-04-11incognit_3.jpg',NULL),(187,9,NULL,'2011-12-06 18:02:49','2011-12-06 18:02:49',NULL,NULL,NULL,NULL,'28-04-11Untitled-2-1.jpg',NULL),(188,9,NULL,'2011-12-06 18:02:49','2011-12-06 18:02:49',NULL,NULL,NULL,NULL,'28-04-11incognit_2.jpg',NULL),(189,9,NULL,'2011-12-06 18:02:50','2011-12-06 18:02:50',NULL,NULL,NULL,NULL,'28-04-11IMG_9230.JPG',NULL),(190,9,NULL,'2011-12-06 18:02:50','2011-12-06 18:02:50',NULL,NULL,NULL,NULL,'24-04-11Untitled-1.jpg',NULL),(191,9,NULL,'2011-12-06 18:02:50','2011-12-06 18:02:50',NULL,NULL,NULL,NULL,'28-04-11Untitled-1.jpg',NULL),(192,9,NULL,'2011-12-06 18:02:51','2011-12-06 18:02:51',NULL,NULL,NULL,NULL,'28-04-11Untitled-4.jpg',NULL),(193,9,NULL,'2011-12-06 18:02:52','2011-12-06 18:02:52',NULL,NULL,NULL,NULL,'28-04-11Untitled-2-2.jpg',NULL),(194,9,NULL,'2011-12-06 18:03:00','2011-12-06 18:03:00',NULL,NULL,NULL,NULL,'24-04-11IMG_9345451.JPG',NULL),(195,10,NULL,'2011-12-06 18:06:03','2011-12-06 18:06:03',NULL,NULL,NULL,NULL,'tumblr_l9uk27u2BC1qagnvao1_500.jpeg',NULL),(196,10,NULL,'2011-12-06 18:06:05','2011-12-06 18:06:05',NULL,NULL,NULL,NULL,'tumblr_kxqhutM8ZA1qzhyr0o1_500.jpeg',NULL),(197,10,NULL,'2011-12-06 18:06:05','2011-12-06 18:06:05',NULL,NULL,NULL,NULL,'tumblr_lsrxc6a4Oh1qzd1nwo1_r1_500.jpeg',NULL),(198,10,NULL,'2011-12-06 18:06:07','2011-12-06 18:06:07',NULL,NULL,NULL,NULL,'tumblr_lv53tzjRSU1qau50i.jpeg',NULL),(199,10,NULL,'2011-12-06 18:06:08','2011-12-06 18:06:08',NULL,NULL,NULL,NULL,'tumblr_ln66x49kV91qzp6iio1_500.png',NULL),(200,10,NULL,'2011-12-06 18:08:24','2011-12-06 18:08:24',NULL,NULL,NULL,NULL,'tumblr_ls6e4umqfi1qzd1nwo1_500.jpeg',NULL),(201,10,NULL,'2011-12-06 18:08:24','2011-12-06 18:08:24',NULL,NULL,NULL,NULL,'tumblr_lrvkhanqne1qzd1nwo1_500.jpeg',NULL),(206,11,NULL,'2011-12-06 19:53:27','2011-12-06 19:53:27',NULL,NULL,NULL,NULL,'ngtv-channel46-siteframe-branding11-LU.jpg',NULL),(207,11,NULL,'2011-12-06 19:53:27','2011-12-06 19:53:27',NULL,NULL,NULL,NULL,'ngtv-channel46-siteframe-branding12-DMV.jpg',NULL),(208,11,NULL,'2011-12-06 19:53:28','2011-12-06 19:53:28',NULL,NULL,NULL,NULL,'ngtv-channel46-siteframe-branding12-RJ.jpg',NULL),(209,11,NULL,'2011-12-06 19:53:28','2011-12-06 19:53:28',NULL,NULL,NULL,NULL,'ngtv-channel46-siteframe-branding12-hustla.jpg',NULL),(268,13,NULL,'2011-12-06 23:54:55','2011-12-06 23:54:55',NULL,NULL,NULL,NULL,'WordPress_CMS_Plugin_1314860306404.png',NULL),(270,14,NULL,'2011-12-07 06:02:32','2011-12-07 06:02:32',NULL,NULL,NULL,NULL,'1017731244079941.jpeg',NULL),(271,14,NULL,'2011-12-07 06:02:32','2011-12-07 06:02:32',NULL,NULL,NULL,NULL,'1017731244079968.jpeg',NULL),(272,14,NULL,'2011-12-07 06:02:33','2011-12-07 06:02:33',NULL,NULL,NULL,NULL,'1017731244079762.jpeg',NULL),(273,14,NULL,'2011-12-07 06:02:33','2011-12-07 06:02:33',NULL,NULL,NULL,NULL,'1017731244079809.jpeg',NULL),(275,13,NULL,'2011-12-08 18:57:25','2011-12-08 18:57:25',NULL,NULL,NULL,NULL,'Gravity_Forms_CSS_Visual_Guide.png',NULL),(276,13,NULL,'2011-12-08 18:57:42','2011-12-08 18:57:42',NULL,NULL,NULL,NULL,'mrDika_9.jpg',NULL),(277,15,NULL,'2011-12-08 19:04:10','2011-12-08 19:04:10',NULL,NULL,NULL,NULL,'Untitled-1.png',NULL),(278,15,NULL,'2011-12-08 19:04:10','2011-12-08 19:04:10',NULL,NULL,NULL,NULL,'Strokenation.jpg',NULL),(280,3,NULL,'2011-12-10 23:37:37','2011-12-10 23:37:37',NULL,NULL,NULL,NULL,NULL,NULL),(281,3,NULL,'2011-12-10 23:38:10','2011-12-10 23:38:10',NULL,NULL,NULL,NULL,NULL,NULL),(282,14,NULL,'2011-12-10 23:39:08','2011-12-10 23:39:08',NULL,NULL,NULL,NULL,'Screen_shot_2011-12-10_at_1.59.27_PM.png',NULL),(283,14,NULL,'2011-12-10 23:39:16','2011-12-10 23:39:16',NULL,NULL,NULL,NULL,'Screen_shot_2011-12-10_at_1.58.32_PM.png',NULL),(284,14,NULL,'2011-12-10 23:39:19','2011-12-10 23:39:19',NULL,NULL,NULL,NULL,'Screen_shot_2011-12-10_at_2.00.09_PM.png',NULL),(310,20,NULL,'2011-12-16 16:33:54','2011-12-16 16:33:54',NULL,NULL,NULL,NULL,'trio4.jpeg',NULL),(311,20,NULL,'2011-12-16 16:33:54','2011-12-16 16:33:54',NULL,NULL,NULL,NULL,'16_muge-yilmaz-trees9_905.jpeg',NULL),(312,20,NULL,'2011-12-16 16:33:55','2011-12-16 16:33:55',NULL,NULL,NULL,NULL,'DSC_0892.jpeg',NULL),(313,20,NULL,'2011-12-16 16:33:56','2011-12-16 16:33:56',NULL,NULL,NULL,NULL,'VennDiagram_jesus.gif',NULL),(314,20,NULL,'2011-12-16 16:33:56','2011-12-16 16:33:56',NULL,NULL,NULL,NULL,'c28_21036465.jpeg',NULL),(315,20,NULL,'2011-12-16 16:33:58','2011-12-16 16:33:58',NULL,NULL,NULL,NULL,'16115820_500.jpeg',NULL),(316,20,NULL,'2011-12-16 16:34:03','2011-12-16 16:34:03',NULL,NULL,NULL,NULL,'23_04.jpeg',NULL),(317,20,NULL,'2011-12-16 16:34:19','2011-12-16 16:34:19',NULL,NULL,NULL,NULL,'89bfa6b813052b26525e0549f7f5adc09071c238.gif',NULL),(383,2,NULL,'2011-12-20 22:00:36','2011-12-20 22:00:36',NULL,NULL,NULL,NULL,'decorative-security-door-king-1.jpg',NULL),(384,12,NULL,'2011-12-20 22:00:51','2011-12-20 22:00:51',NULL,NULL,NULL,NULL,'decorative-security-door-king-2.jpg',NULL),(385,13,NULL,'2011-12-20 22:01:03','2011-12-20 22:01:03',NULL,NULL,NULL,NULL,'decorative-security-door-king-3.jpg',NULL),(387,23,NULL,'2011-12-20 22:04:58','2011-12-20 22:04:58',NULL,NULL,NULL,NULL,'stroke_holding.jpg',6),(388,23,NULL,'2011-12-20 22:05:00','2011-12-20 22:05:00',NULL,NULL,NULL,NULL,'mrDika_9.jpg',7),(389,23,NULL,'2011-12-20 22:05:03','2011-12-20 22:05:03',NULL,NULL,NULL,NULL,'WOW-Basic-Templates.png',10),(390,24,NULL,'2011-12-20 22:52:51','2011-12-20 22:52:51',NULL,NULL,NULL,NULL,'780x1328.jpeg',NULL),(391,24,NULL,'2011-12-20 22:52:54','2011-12-20 22:52:54',NULL,NULL,NULL,NULL,'601x850.jpeg',NULL),(392,24,NULL,'2011-12-20 22:52:58','2011-12-20 22:52:58',NULL,NULL,NULL,NULL,'780x1102.jpeg',NULL),(393,24,NULL,'2011-12-20 22:53:05','2011-12-20 22:53:05',NULL,NULL,NULL,NULL,'780x2764.jpeg',NULL),(394,24,NULL,'2011-12-20 22:53:09','2011-12-20 22:53:09',NULL,NULL,NULL,NULL,'940x727.jpeg',NULL),(395,24,NULL,'2011-12-20 22:53:13','2011-12-20 22:53:13',NULL,NULL,NULL,NULL,'842x1191.jpeg',NULL),(396,24,NULL,'2011-12-20 22:53:20','2011-12-20 22:53:20',NULL,NULL,NULL,NULL,'780x2923.jpeg',NULL),(397,24,NULL,'2011-12-20 22:53:24','2011-12-20 22:53:24',NULL,NULL,NULL,NULL,'713x1000.jpeg',NULL),(398,24,NULL,'2011-12-20 22:53:33','2011-12-20 22:53:33',NULL,NULL,NULL,NULL,'780x2792.jpeg',NULL),(399,24,NULL,'2011-12-20 22:53:36','2011-12-20 22:53:36',NULL,NULL,NULL,NULL,'940x512.jpeg',NULL),(400,24,NULL,'2011-12-20 22:53:44','2011-12-20 22:53:44',NULL,NULL,NULL,NULL,'780x3063.jpeg',NULL),(401,25,NULL,'2011-12-22 22:39:53','2011-12-22 22:39:53',NULL,NULL,NULL,NULL,'avatar_Untitled.jpg',NULL),(402,25,NULL,'2011-12-22 22:39:59','2011-12-22 22:39:59',NULL,NULL,NULL,NULL,'stroke_holding.jpg',NULL),(403,25,NULL,'2011-12-22 22:40:04','2011-12-22 22:40:04',NULL,NULL,NULL,NULL,'large_Untitled.png',NULL),(405,26,NULL,'2011-12-23 00:34:45','2011-12-23 00:34:45',NULL,NULL,NULL,NULL,'awesome-snow-leopard-wallpaper-1920x1200-1012067.jpg',NULL),(406,26,NULL,'2011-12-23 00:35:00','2011-12-23 00:35:00',NULL,NULL,NULL,NULL,'EgFox_Snow_Leopard_2_HD_by_Eg_Art.jpg',NULL),(407,26,NULL,'2011-12-23 00:35:06','2011-12-23 00:35:06',NULL,NULL,NULL,NULL,'snow_leopard-1280x720.jpg',NULL),(408,26,NULL,'2011-12-23 00:35:13','2011-12-23 00:35:13',NULL,NULL,NULL,NULL,'ws_Snow_Leopard_Mac_1600x1200.jpg',NULL),(409,26,NULL,'2011-12-23 00:35:17','2011-12-23 00:35:17',NULL,NULL,NULL,NULL,'Snow_Capped__Grand_Tetons__Wyoming.jpg',NULL),(410,26,NULL,'2011-12-23 00:35:22','2011-12-23 00:35:22',NULL,NULL,NULL,NULL,'snow_leopard.jpg',NULL),(411,27,NULL,'2011-12-23 20:37:33','2011-12-23 20:37:33',NULL,NULL,NULL,NULL,'avatar_Untitled.jpg',NULL),(412,27,NULL,'2011-12-23 20:37:37','2011-12-23 20:37:37',NULL,NULL,NULL,NULL,'large_Untitled.png',NULL),(413,28,NULL,'2011-12-23 20:47:19','2011-12-23 20:47:19',NULL,NULL,NULL,NULL,'send-me-a-quote.png',NULL),(414,28,NULL,'2011-12-23 20:47:23','2011-12-23 20:47:23',NULL,NULL,NULL,NULL,'Strokenation.jpg',NULL),(415,28,NULL,'2011-12-23 20:47:26','2011-12-23 20:47:26',NULL,NULL,NULL,NULL,'design2net.jpg',NULL),(416,28,NULL,'2011-12-23 20:47:35','2011-12-23 20:47:35',NULL,NULL,NULL,NULL,'design3.jpg',NULL),(417,29,NULL,'2011-12-23 21:12:24','2011-12-23 21:12:24',NULL,NULL,NULL,NULL,'carbonmade_1.jpg',NULL),(418,29,NULL,'2011-12-23 21:12:26','2011-12-23 21:12:26',NULL,NULL,NULL,NULL,'gmail.png',NULL),(419,29,NULL,'2011-12-23 21:12:32','2011-12-23 21:12:32',NULL,NULL,NULL,NULL,'design2.jpg',NULL),(420,29,NULL,'2011-12-23 21:12:35','2011-12-23 21:12:35',NULL,NULL,NULL,NULL,'design2net.jpg',NULL),(421,30,NULL,'2011-12-23 22:21:18','2011-12-23 22:21:18',NULL,NULL,NULL,NULL,'design2.jpg',NULL),(422,30,NULL,'2011-12-23 22:21:21','2011-12-23 22:21:21',NULL,NULL,NULL,NULL,'send-me-a-quote.png',NULL),(423,30,NULL,'2011-12-23 22:21:23','2011-12-23 22:21:23',NULL,NULL,NULL,NULL,'Strokenation.jpg',NULL),(424,31,NULL,'2011-12-23 22:24:52','2011-12-23 22:24:52',NULL,NULL,NULL,NULL,'avatar_Untitled.jpg',NULL),(425,31,NULL,'2011-12-23 22:24:54','2011-12-23 22:24:54',NULL,NULL,NULL,NULL,'send-me-a-quote.png',NULL),(426,31,NULL,'2011-12-23 22:24:57','2011-12-23 22:24:57',NULL,NULL,NULL,NULL,'Strokenation.jpg',NULL),(427,31,NULL,'2011-12-23 22:25:03','2011-12-23 22:25:03',NULL,NULL,NULL,NULL,'design2.jpg',NULL),(428,23,NULL,'2011-12-27 20:26:27','2011-12-27 20:26:27',NULL,NULL,NULL,NULL,'design3.jpg',4),(429,23,NULL,'2011-12-27 20:26:33','2011-12-27 20:26:33',NULL,NULL,NULL,NULL,'large_Untitled.png',2),(431,23,NULL,'2011-12-27 20:26:45','2011-12-27 20:26:45',NULL,NULL,NULL,NULL,'design2.jpg',3),(432,23,NULL,'2011-12-27 20:26:49','2011-12-27 20:26:49',NULL,NULL,NULL,NULL,'design2net.jpg',11),(433,32,NULL,'2011-12-29 22:02:28','2011-12-29 22:02:28',NULL,NULL,NULL,NULL,'img4747iw2.jpeg',4),(434,32,NULL,'2011-12-29 22:02:33','2011-12-29 22:02:33',NULL,NULL,NULL,NULL,'ferrari_sports_car_images.jpeg',2),(435,32,NULL,'2011-12-29 22:02:38','2011-12-29 22:02:38',NULL,NULL,NULL,NULL,'ferrari_enzo_05.jpeg',1),(436,32,NULL,'2011-12-29 22:02:42','2011-12-29 22:02:42',NULL,NULL,NULL,NULL,'1989_Ferrari_F40LM1.jpeg',7),(437,32,NULL,'2011-12-29 22:02:48','2011-12-29 22:02:48',NULL,NULL,NULL,NULL,'ferrari.jpeg',5),(438,32,NULL,'2011-12-29 22:02:54','2011-12-29 22:02:54',NULL,NULL,NULL,NULL,'2007-Ferrari-Millechili-Concept-Model-Front-Angle-Top-1280x960.jpeg',6),(439,32,NULL,'2011-12-29 22:11:20','2011-12-29 22:11:20',NULL,NULL,NULL,NULL,'Ferrari-Yellow-rear-1_4.jpeg',3),(440,20,NULL,'2012-01-03 00:59:49','2012-01-03 00:59:49',NULL,NULL,NULL,NULL,'Axiom_Health_Chiropractic_and_Physical_thearpy_in_Venice_California_-.jpg',NULL),(441,33,NULL,'2012-01-03 01:03:43','2012-01-03 01:03:43',NULL,NULL,NULL,NULL,'Axiom_Health_Chiropractic_and_Physical_thearpy_in_Venice_California_--1.jpg',NULL),(442,23,NULL,'2012-01-04 23:57:51','2012-01-04 23:57:51',NULL,NULL,NULL,NULL,'send-me-a-quote.png',9),(443,35,NULL,'2012-01-05 18:13:40','2012-01-05 18:13:40',NULL,NULL,NULL,NULL,'lamborghini-murcielago-5.jpeg',7),(444,35,NULL,'2012-01-05 18:13:44','2012-01-05 18:13:44',NULL,NULL,NULL,NULL,'lamborghini-cars-wallpapers.jpeg',1),(445,35,NULL,'2012-01-05 18:13:51','2012-01-05 18:13:51',NULL,NULL,NULL,NULL,'Lamborghini-Sesto-Elemento-Photo-3.jpeg',8),(446,35,NULL,'2012-01-05 18:13:53','2012-01-05 18:13:53',NULL,NULL,NULL,NULL,'lamborghini_2.jpeg',3),(447,35,NULL,'2012-01-05 18:13:57','2012-01-05 18:13:57',NULL,NULL,NULL,NULL,'lamborghini-ml10-1280x800w.jpeg',5),(448,35,NULL,'2012-01-05 18:14:01','2012-01-05 18:14:01',NULL,NULL,NULL,NULL,'Lamborghini-Reventon-Front-Angle1-2008.jpeg',2),(449,35,NULL,'2012-01-05 18:14:03','2012-01-05 18:14:03',NULL,NULL,NULL,NULL,'lamborghini_murcielago_lp640_101-4e2cbbde25eb4.jpeg',4),(450,35,NULL,'2012-01-05 18:14:06','2012-01-05 18:14:06',NULL,NULL,NULL,NULL,'Lamborghini-Cars-Wallpapers-2.jpeg',6),(451,37,NULL,'2012-01-15 05:55:02','2012-01-15 05:55:02',NULL,NULL,NULL,NULL,'cavallari_2_02.jpeg',5),(452,37,NULL,'2012-01-15 05:55:07','2012-01-15 05:55:07',NULL,NULL,NULL,NULL,'isabel-lucas-coachella-with-angus-stone-04.jpeg',13),(453,37,NULL,'2012-01-15 05:55:11','2012-01-15 05:55:11',NULL,NULL,NULL,NULL,'Jessica-Coachella-Festical-jessica-stroup-5726231-929-1222.jpeg',14),(454,37,NULL,'2012-01-15 05:55:20','2012-01-15 05:55:20',NULL,NULL,NULL,NULL,'112277773.jpeg',1),(455,37,NULL,'2012-01-15 05:55:23','2012-01-15 05:55:23',NULL,NULL,NULL,NULL,'coachella03.jpeg',15),(456,37,NULL,'2012-01-15 05:55:37','2012-01-15 05:55:37',NULL,NULL,NULL,NULL,'Eliza-Dolittle-Coachella.jpeg',16),(457,37,NULL,'2012-01-15 05:55:42','2012-01-15 05:55:42',NULL,NULL,NULL,NULL,'vanessa-hudgens-coachella-06.jpeg',17),(458,37,NULL,'2012-01-15 05:55:47','2012-01-15 05:55:47',NULL,NULL,NULL,NULL,'Coachella_014.jpeg',18),(459,37,NULL,'2012-01-15 05:55:53','2012-01-15 05:55:53',NULL,NULL,NULL,NULL,'112291977.jpeg',2),(460,37,NULL,'2012-01-15 05:55:58','2012-01-15 05:55:58',NULL,NULL,NULL,NULL,'coachella-08_133531229503.jpeg',8),(461,37,NULL,'2012-01-15 06:02:09','2012-01-15 06:02:09',NULL,NULL,NULL,NULL,'10434409.jpeg',10),(462,37,NULL,'2012-01-15 06:02:12','2012-01-15 06:02:12',NULL,NULL,NULL,NULL,'beyonce_coach3_041910.jpeg',4),(463,37,NULL,'2012-01-15 06:02:20','2012-01-15 06:02:20',NULL,NULL,NULL,NULL,'coachella-two-girls-skating-1040ssl041811.jpeg',7),(464,37,NULL,'2012-01-15 06:02:26','2012-01-15 06:02:26',NULL,NULL,NULL,NULL,'10434445.jpeg',9),(465,37,NULL,'2012-01-15 06:02:33','2012-01-15 06:02:33',NULL,NULL,NULL,NULL,'Zanessa_at_the_Coachella_Music_and_Arts_Festival_in_Indio__CA__Apr_18__2010__2_.jpeg',6),(466,37,NULL,'2012-01-15 06:02:40','2012-01-15 06:02:40',NULL,NULL,NULL,NULL,'Megan_Fox-05.jpeg',11),(467,37,NULL,'2012-01-15 06:02:49','2012-01-15 06:02:49',NULL,NULL,NULL,NULL,'Vanessa-Hudgens-Coachella-Valley-Music-and-Arts-Festival-3.jpeg',12),(468,37,NULL,'2012-01-15 06:03:00','2012-01-15 06:03:00',NULL,NULL,NULL,NULL,'hilton_paris_2010_coachella_make-up.jpeg',3),(475,41,NULL,'2012-01-15 06:47:06','2012-01-15 06:47:06',NULL,NULL,NULL,NULL,'_MG_7531.psd.jpg',1),(476,41,NULL,'2012-01-15 06:47:16','2012-01-15 06:47:16',NULL,NULL,NULL,NULL,'ballons.psd.jpg',2),(477,41,NULL,'2012-01-15 06:56:07','2012-01-15 06:56:07',NULL,NULL,NULL,NULL,'bb-IMG_0784.jpg',3),(478,43,NULL,'2012-01-16 06:22:00','2012-01-16 06:22:00',NULL,NULL,NULL,NULL,'_MG_7531.psd.jpg',3),(479,43,NULL,'2012-01-16 06:22:10','2012-01-16 06:22:10',NULL,NULL,NULL,NULL,'ballons.psd.jpg',2),(480,43,NULL,'2012-01-16 06:22:16','2012-01-16 06:22:16',NULL,NULL,NULL,NULL,'bb-IMG_0784.jpg',1),(481,44,NULL,'2012-01-16 06:26:42','2012-01-16 06:26:42',NULL,NULL,NULL,NULL,'IMG_0783-grab.jpg',NULL),(482,44,NULL,'2012-01-16 06:26:48','2012-01-16 06:26:48',NULL,NULL,NULL,NULL,'IMG_3267.JPG.jpg',NULL),(483,44,NULL,'2012-01-16 06:26:54','2012-01-16 06:26:54',NULL,NULL,NULL,NULL,'IMG_3730.JPG.jpg',NULL),(484,23,NULL,'2012-01-16 17:41:49','2012-01-16 17:41:49',NULL,NULL,NULL,NULL,'project_thum.png',8),(485,23,NULL,'2012-01-16 17:41:52','2012-01-16 17:41:52',NULL,NULL,NULL,NULL,'WordPress_CMS_Plugin_1314860306404.png',5),(486,23,NULL,'2012-01-16 17:41:54','2012-01-16 17:41:54',NULL,NULL,NULL,NULL,'carbonmade_1.jpg',1),(487,45,NULL,'2012-01-17 21:53:41','2012-01-17 21:53:41',NULL,NULL,NULL,NULL,'reed-design-1.jpeg',1),(488,45,NULL,'2012-01-17 21:53:45','2012-01-17 21:53:45',NULL,NULL,NULL,NULL,'reed-design-2.jpeg',4),(489,45,NULL,'2012-01-17 21:53:48','2012-01-17 21:53:48',NULL,NULL,NULL,NULL,'reed-design-3.jpeg',3),(490,45,NULL,'2012-01-17 21:53:51','2012-01-17 21:53:51',NULL,NULL,NULL,NULL,'reed-design-4.jpeg',5),(491,45,NULL,'2012-01-17 21:53:53','2012-01-17 21:53:53',NULL,NULL,NULL,NULL,'reed-design-5.jpeg',6),(492,45,NULL,'2012-01-17 21:53:56','2012-01-17 21:53:56',NULL,NULL,NULL,NULL,'reed-design-6.jpeg',7),(493,45,NULL,'2012-01-17 21:53:59','2012-01-17 21:53:59',NULL,NULL,NULL,NULL,'reed-design-7.jpeg',8),(494,45,NULL,'2012-01-17 21:54:02','2012-01-17 21:54:02',NULL,NULL,NULL,NULL,'reed-design-8.jpeg',2),(495,45,NULL,'2012-01-17 21:54:06','2012-01-17 21:54:06',NULL,NULL,NULL,NULL,'reed-design.jpeg',9),(496,46,NULL,'2012-01-17 22:00:20','2012-01-17 22:00:20',NULL,NULL,NULL,NULL,'reed-design-1.jpeg',NULL),(497,46,NULL,'2012-01-17 22:00:24','2012-01-17 22:00:24',NULL,NULL,NULL,NULL,'reed-design-2.jpeg',NULL),(498,46,NULL,'2012-01-17 22:00:27','2012-01-17 22:00:27',NULL,NULL,NULL,NULL,'reed-design-3.jpeg',NULL),(499,46,NULL,'2012-01-17 22:00:30','2012-01-17 22:00:30',NULL,NULL,NULL,NULL,'reed-design-4.jpeg',NULL),(500,46,NULL,'2012-01-17 22:00:33','2012-01-17 22:00:33',NULL,NULL,NULL,NULL,'reed-design-5.jpeg',NULL),(501,46,NULL,'2012-01-17 22:00:36','2012-01-17 22:00:36',NULL,NULL,NULL,NULL,'reed-design-6.jpeg',NULL),(502,46,NULL,'2012-01-17 22:00:39','2012-01-17 22:00:39',NULL,NULL,NULL,NULL,'reed-design-7.jpeg',NULL),(503,46,NULL,'2012-01-17 22:00:41','2012-01-17 22:00:41',NULL,NULL,NULL,NULL,'reed-design-8.jpeg',NULL),(504,46,NULL,'2012-01-17 22:00:47','2012-01-17 22:00:47',NULL,NULL,NULL,NULL,'reed-design.jpeg',NULL),(505,47,NULL,'2012-01-21 01:34:31','2012-01-21 01:34:31',NULL,NULL,NULL,NULL,'reed-design.jpeg',NULL),(506,47,NULL,'2012-01-21 01:34:34','2012-01-21 01:34:34',NULL,NULL,NULL,NULL,'reed-design-5.jpeg',NULL),(507,47,NULL,'2012-01-21 01:34:37','2012-01-21 01:34:37',NULL,NULL,NULL,NULL,'reed-design-2.jpeg',NULL),(508,47,NULL,'2012-01-21 01:34:40','2012-01-21 01:34:40',NULL,NULL,NULL,NULL,'reed-design-4.jpeg',NULL),(509,47,NULL,'2012-01-21 01:34:43','2012-01-21 01:34:43',NULL,NULL,NULL,NULL,'reed-design-3.jpeg',NULL),(510,47,NULL,'2012-01-21 01:34:46','2012-01-21 01:34:46',NULL,NULL,NULL,NULL,'reed-design-1.jpeg',NULL),(514,49,NULL,'2012-01-21 09:06:57','2012-01-21 09:06:57',NULL,NULL,NULL,NULL,'lioneldeluy-4efc50b3f6583e.jpeg',4),(515,49,NULL,'2012-01-21 09:07:07','2012-01-21 09:07:07',NULL,NULL,NULL,NULL,'lioneldeluy-4efc50b4f65846.jpeg',7),(516,49,NULL,'2012-01-21 09:07:12','2012-01-21 09:07:12',NULL,NULL,NULL,NULL,'lioneldeluy-4efc50a8f657f6.jpeg',1),(517,49,NULL,'2012-01-21 09:07:17','2012-01-21 09:07:17',NULL,NULL,NULL,NULL,'lioneldeluy-4efc5060f654e2.jpeg',2),(518,49,NULL,'2012-01-21 09:07:21','2012-01-21 09:07:21',NULL,NULL,NULL,NULL,'lioneldeluy-4efc50a8f657f2.jpeg',5),(519,49,NULL,'2012-01-21 09:07:25','2012-01-21 09:07:25',NULL,NULL,NULL,NULL,'lioneldeluy-4efc50a9f657fe.jpeg',3),(520,49,NULL,'2012-01-21 09:07:32','2012-01-21 09:07:32',NULL,NULL,NULL,NULL,'lioneldeluy-4efc50acf6580e.jpeg',8),(521,49,NULL,'2012-01-21 09:07:36','2012-01-21 09:07:36',NULL,NULL,NULL,NULL,'lioneldeluy-4efc505ff654d6.jpeg',9),(522,49,NULL,'2012-01-21 09:07:45','2012-01-21 09:07:45',NULL,NULL,NULL,NULL,'lioneldeluy-4efc50baf6587a.jpeg',6),(523,49,NULL,'2012-01-21 09:07:49','2012-01-21 09:07:49',NULL,NULL,NULL,NULL,'lioneldeluy-4efc50c1f658ae.jpeg',10),(524,49,NULL,'2012-01-21 09:07:54','2012-01-21 09:07:54',NULL,NULL,NULL,NULL,'lioneldeluy-4efc5063f654fe.jpeg',11),(525,49,NULL,'2012-01-21 09:07:56','2012-01-21 09:07:56',NULL,NULL,NULL,NULL,'lioneldeluy-4efc507cf65606.jpeg',12),(527,48,NULL,'2012-01-26 21:44:10','2012-01-26 21:44:10',NULL,NULL,NULL,NULL,'image2.jpg',2),(528,48,NULL,'2012-01-26 21:44:15','2012-01-26 21:44:15',NULL,NULL,NULL,NULL,'image3.jpg',3),(529,48,NULL,'2012-01-26 21:44:19','2012-01-26 21:44:19',NULL,NULL,NULL,NULL,'image4.jpg',4),(530,48,NULL,'2012-01-26 21:44:23','2012-01-26 21:44:23',NULL,NULL,NULL,NULL,'image5.jpg',5),(531,48,NULL,'2012-01-26 21:44:26','2012-01-26 21:44:26',NULL,NULL,NULL,NULL,'image6.jpg',6),(532,48,NULL,'2012-01-26 21:44:29','2012-01-26 21:44:29',NULL,NULL,NULL,NULL,'image7.jpg',7),(533,48,NULL,'2012-01-26 21:44:32','2012-01-26 21:44:32',NULL,NULL,NULL,NULL,'image8.jpg',8),(534,48,NULL,'2012-01-26 21:44:35','2012-01-26 21:44:35',NULL,NULL,NULL,NULL,'image1.jpg',1),(536,50,NULL,'2012-01-29 03:48:20','2012-01-29 03:48:20',NULL,NULL,NULL,NULL,'_mg_0767.jpg',1),(537,50,NULL,'2012-01-29 03:48:22','2012-01-29 03:48:22',NULL,NULL,NULL,NULL,'_mg_0800.jpg',3),(538,50,NULL,'2012-01-29 03:48:25','2012-01-29 03:48:25',NULL,NULL,NULL,NULL,'_mg_0802.jpg',4),(539,50,NULL,'2012-01-29 03:48:28','2012-01-29 03:48:28',NULL,NULL,NULL,NULL,'_mg_0826.jpg',5),(540,50,NULL,'2012-01-29 03:48:29','2012-01-29 03:48:29',NULL,NULL,NULL,NULL,'_mg_2848_web1.jpg',6),(541,50,NULL,'2012-01-29 03:48:32','2012-01-29 03:48:32',NULL,NULL,NULL,NULL,'_MG_6092.jpg',7),(542,50,NULL,'2012-01-29 03:48:35','2012-01-29 03:48:35',NULL,NULL,NULL,NULL,'_MG_6117.jpg',8),(543,50,NULL,'2012-01-29 03:48:36','2012-01-29 03:48:36',NULL,NULL,NULL,NULL,'_mg_7662.jpg',9),(544,50,NULL,'2012-01-29 03:48:38','2012-01-29 03:48:38',NULL,NULL,NULL,NULL,'_mg_7764.jpg',10),(545,50,NULL,'2012-01-29 03:48:40','2012-01-29 03:48:40',NULL,NULL,NULL,NULL,'_mg_7866.jpg',11),(546,50,NULL,'2012-01-29 03:48:41','2012-01-29 03:48:41',NULL,NULL,NULL,NULL,'_mg_46761-200x300.jpg',12),(547,50,NULL,'2012-01-29 03:48:47','2012-01-29 03:48:47',NULL,NULL,NULL,NULL,'_CITY_OF_LAKES__Behind_The_Lens__Episode_1_on_Vimeo_1274736609783.png',13),(548,50,NULL,'2012-01-29 03:48:55','2012-01-29 03:48:55',NULL,NULL,NULL,NULL,'_CITY_OF_LAKES__Behind_The_Lens__Episode_1_on_Vimeo_1274736626792.png',14),(549,50,NULL,'2012-01-29 03:49:03','2012-01-29 03:49:03',NULL,NULL,NULL,NULL,'_CITY_OF_LAKES__Behind_The_Lens__Episode_1_on_Vimeo_1274736645759.png',15),(550,50,NULL,'2012-01-29 03:49:09','2012-01-29 03:49:09',NULL,NULL,NULL,NULL,'_CITY_OF_LAKES__Behind_The_Lens__Episode_1_on_Vimeo_1274736670772.png',16),(551,50,NULL,'2012-01-29 03:49:17','2012-01-29 03:49:17',NULL,NULL,NULL,NULL,'_CITY_OF_LAKES__Behind_The_Lens__Episode_1_on_Vimeo_1274736692689.png',17),(552,50,NULL,'2012-01-29 03:49:25','2012-01-29 03:49:25',NULL,NULL,NULL,NULL,'_CITY_OF_LAKES__Behind_The_Lens__Episode_2_on_Vimeo_1274749729724.png',18),(553,50,NULL,'2012-01-29 03:49:32','2012-01-29 03:49:32',NULL,NULL,NULL,NULL,'_CITY_OF_LAKES__Behind_The_Lens__Episode_2_on_Vimeo_1274749756292.png',19),(554,50,NULL,'2012-01-29 03:49:40','2012-01-29 03:49:40',NULL,NULL,NULL,NULL,'_CITY_OF_LAKES__Behind_The_Lens__Episode_2_on_Vimeo_1274749773669.png',20),(555,50,NULL,'2012-01-29 03:49:47','2012-01-29 03:49:47',NULL,NULL,NULL,NULL,'_CITY_OF_LAKES__Behind_The_Lens__Episode_2_on_Vimeo_1274749790244.png',21),(556,50,NULL,'2012-01-29 03:49:55','2012-01-29 03:49:55',NULL,NULL,NULL,NULL,'_CITY_OF_LAKES__Behind_The_Lens__Episode_2_on_Vimeo_1274749816663.png',22),(557,50,NULL,'2012-01-29 03:50:00','2012-01-29 03:50:00',NULL,NULL,NULL,NULL,'_CITY_OF_LAKES__Behind_The_Lens__Episode_2_on_Vimeo_1274749833837.png',23),(558,50,NULL,'2012-01-29 03:50:08','2012-01-29 03:50:08',NULL,NULL,NULL,NULL,'_CITY_OF_LAKES__Behind_The_Lens__Episode_2_on_Vimeo_1274749861186.png',24),(559,51,NULL,'2012-01-29 03:54:19','2012-01-29 03:54:19',NULL,NULL,NULL,NULL,'4a650abb147b0f8e3d0173368d323cb1.jpg',NULL),(560,51,NULL,'2012-01-29 03:54:23','2012-01-29 03:54:23',NULL,NULL,NULL,NULL,'05_cinereach.jpg',NULL),(561,51,NULL,'2012-01-29 03:54:35','2012-01-29 03:54:35',NULL,NULL,NULL,NULL,'5.jpeg',NULL),(562,51,NULL,'2012-01-29 03:54:39','2012-01-29 03:54:39',NULL,NULL,NULL,NULL,'5d.png',NULL),(563,51,NULL,'2012-01-29 03:54:42','2012-01-29 03:54:42',NULL,NULL,NULL,NULL,'5q4-thumbs.jpg',NULL),(564,51,NULL,'2012-01-29 03:54:45','2012-01-29 03:54:45',NULL,NULL,NULL,NULL,'06_cinereach.jpg',NULL),(565,51,NULL,'2012-01-29 03:54:51','2012-01-29 03:54:51',NULL,NULL,NULL,NULL,'07_movie_-_genre_-_grid.png',NULL),(566,51,NULL,'2012-01-29 03:54:55','2012-01-29 03:54:55',NULL,NULL,NULL,NULL,'07_cinereach.jpg',NULL),(567,51,NULL,'2012-01-29 03:55:01','2012-01-29 03:55:01',NULL,NULL,NULL,NULL,'07.png',NULL),(568,51,NULL,'2012-01-29 03:55:04','2012-01-29 03:55:04',NULL,NULL,NULL,NULL,'7f36a70bb157a0e5f18b7095ff899ab4.png',NULL),(569,51,NULL,'2012-01-29 03:55:07','2012-01-29 03:55:07',NULL,NULL,NULL,NULL,'08.png',NULL),(570,51,NULL,'2012-01-29 03:55:09','2012-01-29 03:55:09',NULL,NULL,NULL,NULL,'9-GVl3-Workspace.jpg',NULL),(571,51,NULL,'2012-01-29 03:55:11','2012-01-29 03:55:11',NULL,NULL,NULL,NULL,'09dd6ec07043c269164b353458843e46.jpg',NULL),(572,51,NULL,'2012-01-29 03:55:14','2012-01-29 03:55:14',NULL,NULL,NULL,NULL,'10_cinereach.jpg',NULL),(573,51,NULL,'2012-01-29 03:55:17','2012-01-29 03:55:17',NULL,NULL,NULL,NULL,'10_teatime02.jpg',NULL),(574,51,NULL,'2012-01-29 03:55:21','2012-01-29 03:55:21',NULL,NULL,NULL,NULL,'10_teatime03.jpg',NULL),(575,51,NULL,'2012-01-29 03:55:27','2012-01-29 03:55:27',NULL,NULL,NULL,NULL,'10x10_01.jpg',NULL),(576,51,NULL,'2012-01-29 03:55:33','2012-01-29 03:55:33',NULL,NULL,NULL,NULL,'10x10_02.jpg',NULL),(577,51,NULL,'2012-01-29 03:55:39','2012-01-29 03:55:39',NULL,NULL,NULL,NULL,'10x10_03.jpg',NULL),(578,51,NULL,'2012-01-29 03:55:43','2012-01-29 03:55:43',NULL,NULL,NULL,NULL,'11_Tv_Listings.png',NULL),(579,51,NULL,'2012-01-29 03:55:47','2012-01-29 03:55:47',NULL,NULL,NULL,NULL,'11_cinereach.jpg',NULL),(580,51,NULL,'2012-01-29 03:55:48','2012-01-29 03:55:48',NULL,NULL,NULL,NULL,'11-grid.jpg',NULL),(581,51,NULL,'2012-01-29 03:55:55','2012-01-29 03:55:55',NULL,NULL,NULL,NULL,'11.png',NULL),(582,51,NULL,'2012-01-29 03:55:58','2012-01-29 03:55:58',NULL,NULL,NULL,NULL,'12_album02.jpg',NULL),(583,52,NULL,'2012-01-29 20:08:01','2012-01-29 20:08:01',NULL,NULL,NULL,NULL,'IMG_13811.jpeg',2),(588,52,NULL,'2012-01-29 20:08:08','2012-01-29 20:08:08',NULL,NULL,NULL,NULL,'IMG_1356.jpeg',7),(590,52,NULL,'2012-01-29 20:08:12','2012-01-29 20:08:12',NULL,NULL,NULL,NULL,'1300393709_figure6.jpeg',9),(591,52,NULL,'2012-01-29 20:08:16','2012-01-29 20:08:16',NULL,NULL,NULL,NULL,'Shooting_Gritty_Editorial_Fashion_Portraits.jpg',10),(592,52,NULL,'2012-01-29 20:08:20','2012-01-29 20:08:20',NULL,NULL,NULL,NULL,'Figure_16.jpg',11),(593,52,NULL,'2012-01-29 20:08:23','2012-01-29 20:08:23',NULL,NULL,NULL,NULL,'Figure_11.jpg',12),(594,52,NULL,'2012-01-29 20:08:26','2012-01-29 20:08:26',NULL,NULL,NULL,NULL,'Figure_22.jpg',13),(595,52,NULL,'2012-01-29 20:08:28','2012-01-29 20:08:28',NULL,NULL,NULL,NULL,'Figure_19.jpg',14),(596,52,NULL,'2012-01-29 20:08:30','2012-01-29 20:08:30',NULL,NULL,NULL,NULL,'www.photoflexlightingschool.com_popup.html_file__Lighting_Lessons_Lessons_on_Shooting_Products_Still_Life_The_Kitchen_Table_Studio__Part_1_1300458837_fig11.jpg_type_data.image_title_.jpg',15),(597,52,NULL,'2012-01-29 20:08:36','2012-01-29 20:08:36',NULL,NULL,NULL,NULL,'940x886.png',16),(598,52,NULL,'2012-01-29 20:08:43','2012-01-29 20:08:43',NULL,NULL,NULL,NULL,'Screen_shot_2011-12-15_at_12.56.08_AM.png',17),(599,52,NULL,'2012-01-29 20:08:50','2012-01-29 20:08:50',NULL,NULL,NULL,NULL,'Screen_shot_2011-12-15_at_12.55.56_AM.png',18),(600,52,NULL,'2012-01-29 20:08:58','2012-01-29 20:08:58',NULL,NULL,NULL,NULL,'Screen_shot_2011-12-15_at_12.55.28_AM.png',1),(601,52,NULL,'2012-01-29 20:09:05','2012-01-29 20:09:05',NULL,NULL,NULL,NULL,'Screen_shot_2011-12-15_at_12.55.19_AM.png',19),(602,52,NULL,'2012-01-29 20:09:13','2012-01-29 20:09:13',NULL,NULL,NULL,NULL,'Screen_shot_2011-12-15_at_12.55.12_AM.png',20),(603,53,NULL,'2012-01-30 21:29:55','2012-01-30 21:29:55',NULL,NULL,NULL,NULL,'_MG_7531.psd.jpg',NULL),(604,53,NULL,'2012-01-30 21:30:04','2012-01-30 21:30:04',NULL,NULL,NULL,NULL,'ballons.psd.jpg',NULL),(605,53,NULL,'2012-01-30 21:30:10','2012-01-30 21:30:10',NULL,NULL,NULL,NULL,'IMG_3730.JPG.jpg',NULL),(606,53,NULL,'2012-01-30 21:30:19','2012-01-30 21:30:19',NULL,NULL,NULL,NULL,'IMG_3267.JPG.jpg',NULL),(607,53,NULL,'2012-01-30 21:30:25','2012-01-30 21:30:25',NULL,NULL,NULL,NULL,'IMG_0783-grab.jpg',NULL);
/*!40000 ALTER TABLE `images` ENABLE KEYS */;
UNLOCK TABLES;

--
-- Table structure for table `projects`
--

DROP TABLE IF EXISTS `projects`;
/*!40101 SET @saved_cs_client     = @@character_set_client */;
/*!40101 SET character_set_client = utf8 */;
CREATE TABLE `projects` (
  `id` int(11) NOT NULL auto_increment,
  `user_id` int(11) default NULL,
  `project_type` varchar(255) default NULL,
  `title` varchar(100) NOT NULL default '',
  `client` varchar(255) default NULL,
  `project_category` varchar(255) default NULL,
  `layout` int(11) default NULL,
  `visible` tinyint(1) default '0',
  `description` text,
  `created_at` datetime default NULL,
  `updated_at` datetime default NULL,
  `project_url` varchar(255) default NULL,
  `custom_image_thumbnail` int(11) default NULL,
  `project_bg` varchar(255) default NULL,
  PRIMARY KEY  (`id`),
  KEY `index_projects_on_user_id` (`user_id`)
) ENGINE=InnoDB AUTO_INCREMENT=54 DEFAULT CHARSET=utf8;
/*!40101 SET character_set_client = @saved_cs_client */;

--
-- Dumping data for table `projects`
--

LOCK TABLES `projects` WRITE;
/*!40000 ALTER TABLE `projects` DISABLE KEYS */;
INSERT INTO `projects` VALUES (2,1,'','The Title','Mr. Client','PHP, Wordpress, CSS, JAVASCRIPT',3,1,'The Description','2011-11-29 00:35:01','2012-01-17 20:11:00','theurl.com',NULL,NULL),(3,2,'whatistype','project1',NULL,NULL,1,0,'hello','2011-11-29 22:32:02','2011-11-29 22:32:02',NULL,NULL,NULL),(4,3,'Image','Sample Project',NULL,NULL,1,1,'fdsaf','2011-11-29 23:53:10','2011-11-29 23:53:10',NULL,NULL,NULL),(6,2,'motion graphics','more work',NULL,NULL,1,1,'here is some motion graphics..','2011-12-05 23:27:07','2011-12-05 23:27:07',NULL,NULL,NULL),(7,2,'advertising','New car client',NULL,NULL,1,1,'This was a new car client, this is a long discription\r\n','2011-12-06 03:50:54','2011-12-06 03:51:19',NULL,NULL,NULL),(9,2,'Print','Caro',NULL,NULL,1,1,'With the overwhelming number of choices the consumer faces each day, it is crucial that a brand distinguishes itself from all the others. Since its beginnings, BridgerConway has maintained an integrated approach to branding by implementing customized marketing solutions that generate brand awareness via innovation, passion and strategic thinking.\r\n','2011-12-06 18:02:33','2011-12-06 18:02:33',NULL,NULL,NULL),(10,2,'interior design','Cool spaces',NULL,NULL,1,1,'These are great interior design','2011-12-06 18:05:45','2011-12-06 18:05:45',NULL,NULL,NULL),(11,2,'print','remote',NULL,NULL,1,1,'stuff..','2011-12-06 19:52:24','2011-12-06 19:52:24',NULL,NULL,NULL),(12,1,'Images','New Project',NULL,NULL,1,1,'','2011-12-06 20:22:20','2012-01-27 17:52:03',NULL,NULL,'8e4a4a'),(13,1,'','New Sample Project',NULL,NULL,1,1,'','2011-12-06 23:54:44','2011-12-20 22:25:55',NULL,NULL,NULL),(14,2,'photography','new glamor shoot',NULL,NULL,1,0,'this is hot','2011-12-07 06:02:22','2011-12-07 06:02:22',NULL,NULL,NULL),(15,4,'Image','The new project',NULL,NULL,1,1,'The Description','2011-12-08 19:03:54','2011-12-08 19:03:54',NULL,NULL,NULL),(16,2,'poster','Another One',NULL,NULL,1,0,'Here is the latest poster work I did','2011-12-10 06:06:12','2011-12-10 06:06:12',NULL,NULL,NULL),(20,6,'CloudStorage','S3',NULL,NULL,5,1,'Lets test the cloudstorage options','2011-12-16 16:30:21','2012-01-29 20:06:21',NULL,316,NULL),(23,1,'Image','For design','',NULL,1,1,'gasfsdf','2011-12-20 21:43:38','2012-02-01 00:20:16',NULL,388,'131399'),(24,6,'print','testy',NULL,NULL,5,1,'hello this is my printy','2011-12-20 22:50:49','2012-01-28 03:58:45',NULL,393,'ff0000'),(25,5,'Images','subdomain',NULL,NULL,NULL,1,'subdomainsubdomainsubdomainsubdomainsubdomainsubdomainsubdomain','2011-12-22 22:39:41','2011-12-22 22:39:41',NULL,NULL,NULL),(26,8,'rr','testy',NULL,NULL,NULL,1,'asdfaf','2011-12-23 00:18:33','2011-12-23 00:18:33',NULL,NULL,NULL),(27,9,'Image','fbfixfbfix',NULL,NULL,NULL,1,'fbfixfbfixfbfixfbfix','2011-12-23 20:37:18','2011-12-23 20:37:18',NULL,NULL,NULL),(28,10,'Image','fbfixfbfix2',NULL,NULL,NULL,1,'','2011-12-23 20:46:54','2011-12-23 20:46:54',NULL,NULL,NULL),(29,11,'Image','fbfixfbfix3',NULL,NULL,NULL,1,'fbfixfbfix3fbfixfbfix3fbfixfbfix3fbfixfbfix3','2011-12-23 21:12:08','2011-12-23 21:12:08',NULL,NULL,NULL),(30,12,'Image','fbfixfbfix4',NULL,NULL,NULL,1,'ffbfixfbfix4fbfixfbfix4fbfixfbfix4fbfixfbfix4fbfixfbfix4fbfixfbfix4','2011-12-23 22:21:04','2011-12-23 22:21:04',NULL,NULL,NULL),(31,13,'Image','fbfixfbfix5',NULL,NULL,NULL,1,'fbfixfbfix5 fbfixfbfix5fbfixfbfix5fbfixfbfix5fbfixfbfix5fbfixfbfix5','2011-12-23 22:24:40','2011-12-23 22:24:40',NULL,NULL,NULL),(32,15,'print','my new ',NULL,NULL,3,1,'this is my print','2011-12-29 21:58:43','2012-01-13 23:27:37',NULL,438,NULL),(33,16,'d','dragin',NULL,NULL,1,1,'','2012-01-03 01:03:15','2012-01-12 18:20:42',NULL,NULL,NULL),(34,16,'d','dragin',NULL,NULL,NULL,0,'','2012-01-03 01:03:16','2012-01-03 01:03:16',NULL,NULL,NULL),(35,17,'cars','lambo',NULL,NULL,4,1,'these are lambos','2012-01-05 18:13:18','2012-01-26 22:41:31',NULL,444,NULL),(36,1,'Video','Sample Videos',NULL,NULL,NULL,1,'The videos','2012-01-05 22:29:54','2012-01-05 22:29:54',NULL,NULL,NULL),(37,18,'lambo2','lamo',NULL,NULL,5,1,'','2012-01-06 11:07:38','2012-01-31 09:19:04',NULL,454,'ffffff'),(41,18,'im','canon 5d',NULL,NULL,2,1,'','2012-01-15 06:46:40','2012-01-27 23:36:06',NULL,475,'666666'),(43,17,'t','tst',NULL,NULL,2,1,'','2012-01-16 06:21:32','2012-01-26 22:23:48',NULL,478,NULL),(44,17,'tee','t3',NULL,NULL,3,1,'','2012-01-16 06:26:10','2012-01-16 18:05:01',NULL,NULL,NULL),(45,18,'print','rasberrry',NULL,NULL,1,1,'','2012-01-17 21:53:30','2012-01-31 09:21:29',NULL,487,'ff3c00'),(46,15,'print','rasberrry',NULL,NULL,1,1,'here is some text','2012-01-17 21:58:20','2012-01-27 11:24:22',NULL,NULL,NULL),(47,19,'print','inventor',NULL,NULL,5,1,'this is the inventor job','2012-01-21 01:34:08','2012-01-29 20:06:48',NULL,505,NULL),(48,1,'image','the default',NULL,NULL,4,1,'fdsagsddfjsdkjla','2012-01-21 02:34:03','2012-01-26 21:44:44',NULL,NULL,NULL),(49,15,'media','another title',NULL,NULL,1,1,'here is description\r\n','2012-01-21 09:03:24','2012-01-27 11:28:28',NULL,516,NULL),(50,21,'print','inspiration',NULL,NULL,2,1,'inspirato','2012-01-29 03:48:06','2012-01-30 18:15:26',NULL,NULL,'ffffff'),(51,21,'what','designer heavan',NULL,NULL,5,1,'','2012-01-29 03:54:01','2012-01-29 20:05:07',NULL,559,'000000'),(52,19,'print','new client',NULL,NULL,2,1,'this is a new client','2012-01-29 20:07:32','2012-01-29 20:11:58',NULL,600,'000000'),(53,21,'foto','its 2011',NULL,NULL,2,1,'','2012-01-30 21:28:26','2012-01-30 21:33:58',NULL,NULL,NULL);
/*!40000 ALTER TABLE `projects` ENABLE KEYS */;
UNLOCK TABLES;

--
-- Table structure for table `schema_migrations`
--

DROP TABLE IF EXISTS `schema_migrations`;
/*!40101 SET @saved_cs_client     = @@character_set_client */;
/*!40101 SET character_set_client = utf8 */;
CREATE TABLE `schema_migrations` (
  `version` varchar(255) NOT NULL,
  UNIQUE KEY `unique_schema_migrations` (`version`)
) ENGINE=InnoDB DEFAULT CHARSET=utf8;
/*!40101 SET character_set_client = @saved_cs_client */;

--
-- Dumping data for table `schema_migrations`
--

LOCK TABLES `schema_migrations` WRITE;
/*!40000 ALTER TABLE `schema_migrations` DISABLE KEYS */;
INSERT INTO `schema_migrations` VALUES ('20111123111430'),('20111123123711'),('20111123123720'),('20111125075404'),('20111125144312'),('20111203215620'),('20111205193421'),('20111209222519'),('20111212225310'),('20111213000247'),('20111214193313'),('20111219194220'),('20111222175543'),('20111222194208'),('20111228180410'),('20111229232119'),('20120104202424'),('20120104234320'),('20120105194646'),('20120105202442'),('20120127165929'),('20120131190427'),('20120131190730');
/*!40000 ALTER TABLE `schema_migrations` ENABLE KEYS */;
UNLOCK TABLES;

--
-- Table structure for table `users`
--

DROP TABLE IF EXISTS `users`;
/*!40101 SET @saved_cs_client     = @@character_set_client */;
/*!40101 SET character_set_client = utf8 */;
CREATE TABLE `users` (
  `id` int(11) NOT NULL auto_increment,
  `first_name` varchar(25) default NULL,
  `last_name` varchar(50) default NULL,
  `username` varchar(25) default NULL,
  `email` varchar(100) NOT NULL default '',
  `hashed_password` varchar(40) default NULL,
  `salt` varchar(40) default NULL,
  `about_user` text,
  `expertise` text,
  `skills` text,
  `location` text,
  `phone` text,
  `availability` tinyint(1) default NULL,
  `created_at` datetime default NULL,
  `updated_at` datetime default NULL,
  `photo_file_name` varchar(255) default NULL,
  `photo_content_type` varchar(255) default NULL,
  `photo_file_size` int(11) default NULL,
  `photo_updated_at` datetime default NULL,
  `subdomain_name` varchar(255) default NULL,
  `password_reset_token` varchar(255) default NULL,
  `password_reset_sent_at` datetime default NULL,
  `auth_token` varchar(255) default NULL,
  `color_scheme` int(11) default NULL,
  `font_face` int(11) default NULL,
  `image_size` int(11) default NULL,
  `header_title` varchar(255) default NULL,
  `logo` varchar(255) default NULL,
  `footer_title` varchar(255) default NULL,
  `avatar` varchar(255) default NULL,
  `fb_like` tinyint(1) default NULL,
  `image_capacity` int(11) default '30',
  `project_capacity` int(11) default '3',
  `google_analytics` varchar(255) default NULL,
  `fb_sm` varchar(255) default NULL,
  `twitter_sm` varchar(255) default NULL,
  `linkedin_sm` varchar(255) default NULL,
  `portfolio_bg` varchar(255) default NULL,
  `portfolio_layout` int(11) default NULL,
  PRIMARY KEY  (`id`),
  KEY `index_users_on_username` (`username`)
) ENGINE=InnoDB AUTO_INCREMENT=22 DEFAULT CHARSET=utf8;
/*!40101 SET character_set_client = @saved_cs_client */;

--
-- Dumping data for table `users`
--

LOCK TABLES `users` WRITE;
/*!40000 ALTER TABLE `users` DISABLE KEYS */;
INSERT INTO `users` VALUES (1,'King','Pangilinan','kingpangilinan','king_pangilinan@rocketmail.com','e19aae9389c9847997a74d3efc6537689beb6227','db6fa47c3957beb9cfcc83a30d8a7f40f4bbf67e','Something About me edited fdsafsafsa s3','My Expertise eds','My Skills\r\nsdfsa','Pampanga Philippines',NULL,NULL,'2011-11-28 18:06:55','2012-02-01 00:14:35','Picture2.jpg','image/jpeg',21321,'2011-12-13 21:46:13','kingpangi','-OCPQwTlUUb2JVd9pM8VEw==','2011-12-13 00:31:38','s2pxG3mrCxvnN3y6_8xo_A==',1,NULL,NULL,'King\'s Profile','stock-photo-the-cameraman-silhouette-of-man-with-video-camera-at-sunset-32499319.jpg','The sample footer','WOW-Basic-Templates.png',1,30,3,'UA-27965420-1','pages/King-Pangilinan/265119090210076','khing251990','http://www.linkedin.com/pub/sarah-hoit/7/695/778','7a7a7a',5),(2,'amul','patel','12345678','amulp84@test.com','0158be198c57364facaf2f87b4f6f1ede3c884a1','4e6b90824a6035e4dc3d84247d39bb963a5cce24','love design','image making','design','los angeles','310-594-1123',1,'2011-11-29 22:30:49','2011-12-13 00:03:19',NULL,NULL,NULL,NULL,NULL,NULL,NULL,'-wfzJK8MnquBE_LCS95C0A==',NULL,NULL,NULL,NULL,NULL,NULL,NULL,NULL,30,3,NULL,NULL,NULL,NULL,NULL,NULL),(3,'Sample Fname','Sample Lname','samplesample','sample@email.com','1f6dd1a1444060e1fb8c2d1910de3ceac3582347','f8cb92a2c9c34eebf30c57a593232859c3d5b828',NULL,NULL,NULL,NULL,NULL,NULL,'2011-11-29 23:51:33','2011-12-13 00:03:19',NULL,NULL,NULL,NULL,NULL,NULL,NULL,'blWHgoYYDvUCs9tZ0GwNiA==',NULL,NULL,NULL,NULL,NULL,NULL,NULL,NULL,30,3,NULL,NULL,NULL,NULL,NULL,NULL),(4,'New FNAME','New LNAME','theusername','email@somthing.com','d75bb7ce6ad2d8a225c6b225ae7c3a5fe1505bac','b3036d8677dd15e1c98c46a85bbab953905a0523',NULL,NULL,NULL,NULL,NULL,NULL,'2011-12-08 19:02:08','2011-12-13 00:03:19',NULL,NULL,NULL,NULL,NULL,NULL,NULL,'4p7f9K3I1Y-2aLrdp_LsYQ==',NULL,NULL,NULL,NULL,NULL,NULL,NULL,NULL,30,3,NULL,NULL,NULL,NULL,NULL,NULL),(5,'subdomain','subdomain','subdomain','subdomain@subdomain.com','8328003551e4e089db8c8cb3f22b04a8399bd161','7f4a8b8592a47d7a5e5b7e9f5be97cb9917fbf70',NULL,NULL,NULL,NULL,NULL,NULL,'2011-12-09 22:41:17','2011-12-22 22:44:04',NULL,NULL,NULL,NULL,'subdomain',NULL,NULL,'183xHMcIsM0PY2UzZvVB-Q==',NULL,NULL,NULL,NULL,NULL,NULL,'design2net.jpg',NULL,30,3,NULL,NULL,NULL,NULL,NULL,NULL),(6,'amulp','patel','amulamul','amulp84@gmail.com','405c870ae675cdf3067d598a5a36258d4d103e0a','0f80c39d12a41ac3fd2bbba3d556f3891492ef35','Man I love iterating the user experience! BIG TIME.','photoshop, illustrator','graphic design',NULL,NULL,NULL,'2011-12-13 00:49:13','2012-01-03 06:01:34',NULL,NULL,NULL,NULL,'amul',NULL,NULL,'hF54jS1MsHmtC9Kbd_GBNw==',2,NULL,NULL,'what yp',NULL,'here is the Footer!','scook_201_0.jpeg',1,30,3,NULL,NULL,NULL,NULL,NULL,NULL),(7,'jane','sandsersw','jane_free','freesuperrrr1@gmail.com','9161047ed36658d6b4cefbf261b10ed7ca13a0e7','5230e36822e092e3646511aa7a1ca3b3765bd07d',NULL,NULL,NULL,NULL,NULL,NULL,'2011-12-23 00:11:59','2011-12-23 00:13:56',NULL,NULL,NULL,NULL,'jane_free','wM0o3NpKpz7NtE7Qr5_Xew==','2011-12-23 00:13:56','nRqhPpnHXFhBfgyyv-PzMg==',NULL,NULL,NULL,'jane_free\'s Porfolio',NULL,'2011',NULL,NULL,30,3,NULL,NULL,NULL,NULL,NULL,NULL),(8,'thomas','cruise','thomascruise','amulp85@gmail.com','332235bb36c0efb6e0c2ec8630bb7acaefc287e6','9e9c98222fe8aa2bd973fcaf274c08276f6f7c77','i love design',NULL,NULL,NULL,NULL,NULL,'2011-12-23 00:17:55','2011-12-23 00:36:26',NULL,NULL,NULL,NULL,'thomascruise',NULL,NULL,'4hgTyiYDoyPRzSq29mllqA==',NULL,NULL,NULL,'thomascruise\'s Porfolio',NULL,'2011',NULL,1,30,3,NULL,NULL,NULL,NULL,NULL,NULL),(9,'fbfixfbfix','fbfixfbfix','fbfixfbfix','fbfix@fbfix.com','5e0e44aca8f260e8b8ea18272ff3126f639280c1','c9cb60897fcf21d569eebb45950bbca7c1a21ced',NULL,NULL,NULL,NULL,NULL,NULL,'2011-12-23 20:36:00','2011-12-23 20:36:00',NULL,NULL,NULL,NULL,'fbfixfbfix',NULL,NULL,'25GaOJEEcQfgvsxnF4aEfw==',NULL,NULL,NULL,'fbfixfbfix\'s Porfolio',NULL,'2011',NULL,NULL,30,3,NULL,NULL,NULL,NULL,NULL,NULL),(10,'fbfixfbfix2','fbfixfbfix2','fbfixfbfix2','fbfixfbfix2@fbfixfbfix2.com','a2a2b92171ae721a75c052972e6107a60f379213','8b75cb2ee0ccfd00c7217f8715c018e87e7b5550',NULL,NULL,NULL,NULL,NULL,NULL,'2011-12-23 20:46:36','2011-12-23 20:46:36',NULL,NULL,NULL,NULL,'fbfixfbfix2',NULL,NULL,'Qb5-CXgbkNGWA5l7hh6wKw==',NULL,NULL,NULL,'fbfixfbfix2\'s Porfolio',NULL,'2011',NULL,NULL,30,3,NULL,NULL,NULL,NULL,NULL,NULL),(11,'fbfixfbfix3','fbfixfbfix3','fbfixfbfix3','fbfixfbfix3@fbfixfbfix3.com','7e27cedbc11bfa68dbcd1b7bcc22ae47be90067f','4d23557fc64ae47de82210743d6afa5cad4df54e',NULL,NULL,NULL,NULL,NULL,NULL,'2011-12-23 21:11:34','2011-12-23 21:11:49',NULL,NULL,NULL,NULL,'fbfixfbfix3',NULL,NULL,'jg4T4wXSaiSDcgl68VOxlA==',NULL,NULL,NULL,'fbfixfbfix3\'s Porfolio',NULL,'2011',NULL,1,30,3,NULL,NULL,NULL,NULL,NULL,NULL),(12,'fbfixfbfix4','fbfixfbfix4','fbfixfbfix4','fbfixfbfix4@fbfixfbfix4.com','f8eabb9b31dbd5c4c8713597f83ff69657667ea4','9a86709f12ba66eb83bd571649791109730ca525',NULL,NULL,NULL,NULL,NULL,NULL,'2011-12-23 22:20:42','2011-12-23 22:22:58',NULL,NULL,NULL,NULL,'fbfixfbfix4',NULL,NULL,'MjDRXZUaNowZbDZjx-Uxwg==',NULL,NULL,NULL,'fbfixfbfix4\'s Porfolio',NULL,'2011',NULL,1,30,3,NULL,NULL,NULL,NULL,NULL,NULL),(13,'fbfixfbfix5','fbfixfbfix5','fbfixfbfix5','fbfixfbfix5@fbfixfbfix5.com','70c9633bb21b5afddf20bbd8c3d182833abe02d6','8db9609fa5beaf441eac189b527ce46754223dba',NULL,NULL,NULL,NULL,NULL,NULL,'2011-12-23 22:24:24','2011-12-23 22:24:24',NULL,NULL,NULL,NULL,'fbfixfbfix5',NULL,NULL,'vYMj5lHRxmhfJo0GT0VH9g==',NULL,NULL,NULL,'fbfixfbfix5\'s Porfolio',NULL,'2011',NULL,NULL,30,3,NULL,NULL,NULL,NULL,NULL,NULL),(14,'yayipadd','yayipadd','yayipadd','yayipadd@yayipadd.com','734a53c6a5cffc33eefb35f34dda76a651b28efa','e12c22adaf6348ce2a83035ef29bf8713eadad58',NULL,NULL,NULL,NULL,NULL,NULL,'2011-12-29 20:45:34','2011-12-29 22:47:42',NULL,NULL,NULL,NULL,'yayipadd',NULL,NULL,'TMHizquI9h2UMGn__dee8Q==',NULL,NULL,NULL,'yayipadd\'s Porfolio',NULL,'2011','visible.png',NULL,30,3,NULL,NULL,NULL,NULL,NULL,NULL),(15,'john','black','johnblack','joneblacky@sdfs.com','506a7a78401e445e41656e2138bc940ae7d30770','77df8590e5fe0daa3e12617d6a9089810d4b1266','this is john..','lots of stuff..','many things',NULL,NULL,NULL,'2011-12-29 21:57:53','2012-01-05 17:52:46',NULL,NULL,NULL,NULL,'jblack',NULL,NULL,'I4SQEuuvngNeuw8Q14OcLg==',NULL,NULL,NULL,'johnblack\'s Porfolio',NULL,'2011',NULL,NULL,30,3,NULL,NULL,NULL,NULL,NULL,NULL),(16,'amul3','pate2','amul1111','amulp84@gmail.com','2081f4099cd546efff64045cd79042eca68eeffa','e819d0bc96e2b807d6f15ab20bf0f465814f4c11',NULL,NULL,NULL,NULL,NULL,NULL,'2012-01-03 01:02:28','2012-01-03 01:04:47',NULL,NULL,NULL,NULL,'amul1111',NULL,NULL,'LdygSwiE3qC5BfQ7Gbm9ag==',1,NULL,NULL,'amul1111\'s Porfolio',NULL,'2012',NULL,NULL,30,3,NULL,NULL,NULL,NULL,NULL,NULL),(17,'amul4','patte1','patelpatel','amulp84@gmail.com','8ab73d7b46c0a8edcf75d8e67777f25ba0c0db5e','e0a3854236801ef663381e35fa930a72dedefa6f',NULL,NULL,NULL,NULL,NULL,NULL,'2012-01-05 18:08:54','2012-01-05 18:08:54',NULL,NULL,NULL,NULL,'patelpatel',NULL,NULL,'YeN3CFlTwFkfB0c7xtw5Pg==',NULL,NULL,NULL,'patelpatel\'s Porfolio',NULL,'2012',NULL,NULL,30,3,NULL,NULL,NULL,NULL,NULL,NULL),(18,'patel4','patel5','patelpatel2','amulp84@test2.com','ce94d29880625c3c6f1b9cb40c6bb215f518bf0f','0ba146eb70303df8e148f912481ec63654943bb0',NULL,NULL,NULL,NULL,NULL,NULL,'2012-01-06 11:07:02','2012-01-06 11:07:02',NULL,NULL,NULL,NULL,'patelpatel2',NULL,NULL,'69vLfYXmA-PM5zCCYl5GIA==',NULL,NULL,NULL,'patelpatel2\'s Porfolio',NULL,'2012',NULL,NULL,30,3,NULL,NULL,NULL,NULL,NULL,NULL),(19,'amul5','amul5','amulamul5','amul5@tt.com','b1ebc1cff0d18979b29d0abc5a1416ea2405bced','d0d184c947b5baf96ccd2fe9860fe58da5164956',NULL,NULL,NULL,NULL,NULL,NULL,'2012-01-21 01:29:10','2012-01-21 01:29:10',NULL,NULL,NULL,NULL,'amulamul5',NULL,NULL,'d2udAdw1t_V_kE3HTK15-g==',NULL,NULL,NULL,'amulamul5\'s Porfolio',NULL,'2012',NULL,NULL,30,3,NULL,NULL,NULL,NULL,NULL,NULL),(20,'Mini','mini','minimini','charnjeet76@yahoo.com','d6a8c40c5905ac980cb35ced7f54b41fa50d0787','91b10f90b9170f79eafb7a9446fb08a0943e1cdb',NULL,NULL,NULL,NULL,NULL,NULL,'2012-01-25 01:20:23','2012-01-25 01:20:23',NULL,NULL,NULL,NULL,'minimini',NULL,NULL,'k07iEJXGMuU3SyrFZFf_pw==',NULL,NULL,NULL,'minimini\'s Porfolio',NULL,'2012',NULL,NULL,30,3,NULL,NULL,NULL,NULL,NULL,NULL),(21,'amul6','patel6','patelpatel6','amulp6@yahho.ccm','96eb170f03cdd1bec08dd60d4f6baed53c063b4c','92a2a7be0f848ce779b9057b56d5a535ed5f70cc',NULL,NULL,NULL,NULL,NULL,NULL,'2012-01-29 03:39:14','2012-01-29 03:39:14',NULL,NULL,NULL,NULL,'patelpatel6',NULL,NULL,'3dwadu-46o6SZYep4KWE4Q==',NULL,NULL,NULL,'patelpatel6\'s Porfolio',NULL,'2012',NULL,NULL,30,3,NULL,NULL,NULL,NULL,NULL,NULL);
/*!40000 ALTER TABLE `users` ENABLE KEYS */;
UNLOCK TABLES;

--
-- Table structure for table `videos`
--

DROP TABLE IF EXISTS `videos`;
/*!40101 SET @saved_cs_client     = @@character_set_client */;
/*!40101 SET character_set_client = utf8 */;
CREATE TABLE `videos` (
  `id` int(11) NOT NULL auto_increment,
  `project_id` int(11) default NULL,
  `caption` varchar(255) default NULL,
  `video_embed` varchar(255) default NULL,
  `created_at` datetime default NULL,
  `updated_at` datetime default NULL,
  PRIMARY KEY  (`id`),
  KEY `index_videos_on_project_id` (`project_id`)
) ENGINE=InnoDB AUTO_INCREMENT=15 DEFAULT CHARSET=utf8;
/*!40101 SET character_set_client = @saved_cs_client */;

--
-- Dumping data for table `videos`
--

LOCK TABLES `videos` WRITE;
/*!40000 ALTER TABLE `videos` DISABLE KEYS */;
INSERT INTO `videos` VALUES (13,36,NULL,'http://www.youtube.com/watch?v=fl19JYqW6MI&feature=g-vrec&context=G2ffd38cRVAAAAAAAAAQ','2012-01-05 23:03:29','2012-01-05 23:03:29'),(14,36,NULL,'<iframe width=\"560\" height=\"315\" src=\"http://www.youtube.com/embed/fl19JYqW6MI\" frameborder=\"0\" allowfullscreen></iframe>','2012-01-05 23:22:20','2012-01-05 23:22:20');
/*!40000 ALTER TABLE `videos` ENABLE KEYS */;
UNLOCK TABLES;
/*!40103 SET TIME_ZONE=@OLD_TIME_ZONE */;

/*!40101 SET SQL_MODE=@OLD_SQL_MODE */;
/*!40014 SET FOREIGN_KEY_CHECKS=@OLD_FOREIGN_KEY_CHECKS */;
/*!40014 SET UNIQUE_CHECKS=@OLD_UNIQUE_CHECKS */;
/*!40101 SET CHARACTER_SET_CLIENT=@OLD_CHARACTER_SET_CLIENT */;
/*!40101 SET CHARACTER_SET_RESULTS=@OLD_CHARACTER_SET_RESULTS */;
/*!40101 SET COLLATION_CONNECTION=@OLD_COLLATION_CONNECTION */;
/*!40111 SET SQL_NOTES=@OLD_SQL_NOTES */;

-- Dump completed on 2012-01-31 18:38:16
